stage,requirement_id,spec_reference,implementation_path,test_or_command,expected_result,status,observed_result,log_path,source_revision
1,REQ-1-01,A-contracts.md,src/trustc/contracts.py,tests/contract/test_contracts.py,Pydantic models match v2 wire schema,PASS,All contract models validated,review-logs/stage-2/check-stage-2.log,HEAD
1,REQ-1-02,A-contracts.md,ui/src/api/types.ts,tests/contract/test_drift.py,TypeScript interfaces match JSON schemas without drift,PASS,0 drift detected across schemas and types,review-logs/stage-2/check-stage-2.log,HEAD
1,REQ-1-03,C-fixtures-and-tests.md,tests/fixtures/,tests/unit/test_fixtures.py,Canonical F1-F7b and X01-X15 fixtures present and verified,PASS,All fixtures verified line counts and hashes,review-logs/stage-2/check-stage-2.log,HEAD
1,REQ-1-04,A-contracts.md,src/trustc/source.py,tests/contract/test_contracts.py,Source normalization CRLF to LF and byte limit,PASS,Normalized hashes deterministic,review-logs/stage-2/check-stage-2.log,HEAD
1,REQ-1-05,Stage 1 Gate,scripts/check-stage.py,python scripts/check-stage.py 1,Stage 1 gate runner passes with code 0,PASS,Lint typecheck and 67 tests passed,review-logs/stage-2/check-stage-2.log,HEAD
2,REQ-2-01,B-compiler-spec.md §B1,src/trustc/grammars/trustspec.lark,tests/unit/test_parser.py::TestCanonicalFFixtures,All F inputs except F4 parse successfully,PASS,F1-F3 F5-F7b parse OK,review-logs/stage-2/pytest-stage-2.log,HEAD
2,REQ-2-02,B-compiler-spec.md §B3,src/trustc/parser.py,tests/unit/test_parser.py::TestCanonicalFFixtures::test_f4_syntax_error_exact_span,F4 syntax error exact span 23:25 and exit code 2,PASS,Exact span 23:25 reported without traceback,review-logs/stage-2/cli-parse-f4.log,HEAD
2,REQ-2-03,B-compiler-spec.md §B4,src/trustc/parser.py,tests/unit/test_parser.py::TestPolicyResolution::test_f7_retains_role_only,F7 retains role_only for Stage 3 TC-002,PASS,role_only admin preserved at 26:3,review-logs/stage-2/pytest-stage-2.log,HEAD
2,REQ-2-04,B-compiler-spec.md §B4,src/trustc/parser.py,tests/unit/test_parser.py::TestPolicyResolution::test_f7b_retains_wrong_field_authorization,F7b retains wrong authorization field for Stage 3 TC-002,PASS,authorize id==current_user.id preserved at 26:3,review-logs/stage-2/pytest-stage-2.log,HEAD
2,REQ-2-05,B-compiler-spec.md §B4,src/trustc/parser.py,tests/unit/test_parser.py::TestPolicyResolution::test_f2_endpoint_policies,F2 has owner policy for Trip and self policy for User,PASS,inferred_mode owner for Trip self for User,review-logs/stage-2/cli-parse-f2.log,HEAD
2,REQ-2-06,B-compiler-spec.md §B4,src/trustc/parser.py,tests/unit/test_parser.py::TestPolicyResolution::test_f3_ownership_waiver_span,F3 waiver span is 37:3 with owner_waived True,PASS,owner_waived True authorize span 37:3,review-logs/stage-2/pytest-stage-2.log,HEAD
2,REQ-2-07,B-compiler-spec.md §B1-B2,src/trustc/parser.py,tests/unit/test_parser.py::TestSpecErrorFixtures,X03 multiple ownership and X04 unknown field fail with SpecError,PASS,X03 MULTIPLE_OWNERSHIP X04 UNKNOWN_FIELD,review-logs/stage-2/pytest-stage-2.log,HEAD
2,REQ-2-08,A-contracts.md,src/trustc/source.py,tests/unit/test_parser.py::TestSourceHandling,Unicode CRLF no-final-newline byte limit and tab rejection,PASS,Source handling verified across edge cases,review-logs/stage-2/pytest-stage-2.log,HEAD
2,REQ-2-09,B-compiler-spec.md §B1-B2,src/trustc/parser.py,tests/unit/test_parser.py::TestValidationRules,Resource field endpoint path and shape validation rules,PASS,All duplicate missing and invalid shapes rejected,review-logs/stage-2/pytest-stage-2.log,HEAD
2,REQ-2-10,B-compiler-spec.md §B3,src/trustc/ir.py,tests/unit/test_parser.py::TestImmutableIR,Frozen typed IR nodes with no raw query or executable expressions,PASS,FrozenInstanceError on mutation to_dict camelCase,review-logs/stage-2/pytest-stage-2.log,HEAD
2,REQ-2-11,Stage 2 Gate,src/trustc/cli.py,trustc parse tests/fixtures/F2.trust && trustc parse tests/fixtures/F4.trust,CLI parse F2 exits 0 with JSON and F4 exits 2 without traceback,PASS,F2 exit 0 F4 exit 2 confirmed,review-logs/stage-2/cli-parse-f4.log,HEAD
2,REQ-2-12,Stage 2 Gate,scripts/wheel_smoke_test.py,python scripts/wheel_smoke_test.py,Wheel installation and execution smoke test outside repository,PASS,Wheel contains trustspec.lark and CLI succeeds in isolated venv,review-logs/stage-2/wheel-smoke.log,HEAD
2,REQ-2-13,Stage 2 Review,scripts/check-stage.py,python scripts/check-stage.py 2 --linter ruff,Ruff launch failure under WDAC reports BLOCKED with exit 1 without policy evasion,BLOCKED,BLOCKED by WinError 4551 recorded in gate-result-ruff.json,review-logs/stage-2/check-stage-2-ruff.log,HEAD
2,REQ-2-14,Stage 2 Review,scripts/check-stage.py,tests/unit/test_gate_runner.py,Gate runner unit tests with injected runner stubs,PASS,All 5 gate control scenarios verified (fail block collection success),review-logs/stage-2/pytest.log,HEAD
2,REQ-2-15,Stage 2 Gate,scripts/check-stage.py,python scripts/check-stage.py 2 --linter flake8-isort,Stage 2 cumulative gate exits 0 with all checks,PASS,Flake8 isort mypy 140 pytest tests CLI and wheel smoke passed,review-logs/stage-2/check-stage-2.log,HEAD
3,REQ-3-01,B-compiler-spec.md §B5,src/trustc/verifier.py,tests/unit/test_verifier.py::TestFiveRules,All five security rules TC-001 through TC-005 evaluated,PASS,All 5 rules tested against positive and negative cases,review-logs/stage-3/pytest.txt,HEAD
3,REQ-3-02,C-fixtures-and-tests.md,src/trustc/verifier.py,tests/unit/test_verifier.py::TestCanonicalFixtures,Canonical fixture expectations F1 F2 F3 F5 F6 F7 F7b,PASS,All fixture diagnostics match B5 rules,review-logs/stage-3/cli-check-f1.txt,HEAD
3,REQ-3-03,B-compiler-spec.md §B5,src/trustc/fixes.py,tests/unit/test_fixes.py::TestUnifiedDiffs,Automated unified diffs with baseSpecHash and git apply compatibility,PASS,git apply --check returns 0 with diffs,review-logs/stage-3/cli-apply-fix.txt,HEAD
3,REQ-3-04,stage-3-verify-and-fixes.md,src/trustc/fixes.py,tests/unit/test_fixes.py::TestRequiredFixedFlow,F1 to F2 required fixed flow byte-for-byte roundtrip,PASS,Applying TC-001 then manual projection matches F2 hash,review-logs/stage-3/pytest.txt,HEAD
3,REQ-3-05,stage-3-verify-and-fixes.md,src/trustc/rules_doc.py,tests/unit/test_explain.py,trustc explain command with markdown and JSON output,PASS,All 5 rule docs accessible with detailed explanations,review-logs/stage-3/cli-explain.txt,HEAD
3,REQ-3-06,A-contracts.md,src/trustc/verifier.py,tests/unit/test_sarif.py,OASIS SARIF 2.1.0 output export,PASS,SARIF schema version and rule runs conformance verified,review-logs/stage-3/pytest.txt,HEAD
3,REQ-3-07,Stage 3 Gate,scripts/check-stage.py,python scripts/check-stage.py 3 --linter flake8-isort,Stage 3 cumulative gate runner passes with code 0,PASS,Flake8 isort mypy 191 pytest tests CLI and wheel smoke passed,review-logs/stage-3/gate-result.json,HEAD
3,REQ-3-08,Stage 3 Review,scripts/validate_sarif_schema.py,python scripts/validate_sarif_schema.py,Validation of all fixtures against published OASIS SARIF 2.1.0 JSON schema,PASS,All 17 canonical fixtures pass strict schema validation,review-logs/stage-3/sarif-schema-validation.txt,HEAD
4,REQ-4-01,B-compiler-spec.md §B6,src/trustc/generator.py,tests/unit/test_generator.py::test_build_f2_files_count_and_syntax,Build F2 produces exact 11 files with 8 clean-compiling Python files,PASS,Exact file paths and zero syntax errors verified,review-logs/stage-4/cli-build-f2.txt,HEAD
4,REQ-4-02,stage-4-generate.md §Work 5,src/trustc/generator.py,tests/unit/test_generator.py::test_build_f2_provenance_and_forced_lines,Source provenance comments and ForcedLine mappings emitted,PASS,Route auth owner-set and self-check line mappings populated,review-logs/stage-4/pytest.txt,HEAD
4,REQ-4-03,stage-4-generate.md §Work 6,src/trustc/generator.py,tests/unit/test_generator.py::test_build_f1_refusal_leaves_dir_byte_identical,Refusal on F1 (exit 1) and F4 (exit 2) leaves destination byte-identical,PASS,Target sentinels untouched on refusal,review-logs/stage-4/cli-build-f1.txt,HEAD
4,REQ-4-04,stage-4-generate.md §Work 6,src/trustc/generator.py,tests/unit/test_generator.py::test_destination_safety_and_replace_flow,Directory safety refuses non-TrustC non-empty folders and requires --replace,PASS,Refuses foreign folder and enforces --replace flag,review-logs/stage-4/pytest.txt,HEAD
4,REQ-4-05,stage-4-generate.md §Work 2,src/trustc/templates/fastapi/auth.py.jinja,scripts/smoke-generated.py,Fixed HS256 JWT auth rejects expired tampered wrong claims and unknown users,PASS,All invalid JWT attempts rejected with 401 Unauthorized,review-logs/stage-4/smoke-generated.txt,HEAD
4,REQ-4-06,stage-4-generate.md §Work 3,src/trustc/templates/fastapi/router.py.jinja,scripts/smoke-generated.py,Owner assignment on create and owner filtering on list/read with 403 for other user,PASS,User 1 reads own trip User 2 gets 403 Forbidden,review-logs/stage-4/smoke-generated.txt,HEAD
4,REQ-4-07,stage-4-generate.md §Work 3-4,src/trustc/templates/fastapi/router.py.jinja,scripts/smoke-generated.py,User self-access only with sensitive password_hash strictly excluded from response,PASS,User 1 reads self User 2 gets 403 password_hash never returned,review-logs/stage-4/smoke-generated.txt,HEAD
4,REQ-4-08,stage-4-generate.md §Work 3,src/trustc/templates/fastapi/schemas.py.jinja,scripts/smoke-generated.py,Request injection of owner_id id and extra fields rejected with HTTP 422,PASS,Extra fields and server IDs rejected with 422 without mutating DB,review-logs/stage-4/smoke-generated.txt,HEAD
4,REQ-4-09,stage-4-generate.md §Gates,src/trustc/templates/fastapi/router.py.jinja,scripts/smoke-generated.py,SQL injection text payload stored literally as data without table damage,PASS,Literal payload stored safely and user table intact,review-logs/stage-4/smoke-generated.txt,HEAD
4,REQ-4-10,stage-4-generate.md §Work 7,src/trustc/seeder.py,tests/unit/test_generator.py,In-memory test seeder generates deterministic users and credentials without leak,PASS,Tokens kept in memory with redacted repr and zero secrets logged,review-logs/stage-4/pytest.txt,HEAD
4,REQ-4-11,stage-4-generate.md §Work 1,scripts/wheel_smoke_test.py,python scripts/wheel_smoke_test.py,Built wheel packages all 6 templates and executes build outside repo,PASS,All 6 templates ship in wheel archive and trustc build exits 0 in clean venv,review-logs/stage-4/wheel-smoke.log,HEAD
4,REQ-4-12,Stage 4 Gate,scripts/check-stage.py,python scripts/check-stage.py 4 --linter flake8-isort,Stage 4 cumulative gate runner passes with exit 0 across all gates,PASS,Flake8 isort mypy 200 pytest tests CLI build smoke and wheel smoke passed,review-logs/stage-4/gate-result.json,HEAD
4,REQ-4-13,Stage 4 Review S4-01,src/trustc/templates/fastapi/auth.py.jinja,scripts/smoke-generated.py,Remove fallback JWT key and DB URL enforce >=32 bytes halt startup on missing,PASS,Startup halts on missing/short key zero secrets in logs,review-logs/stage-4/smoke-generated.txt,HEAD
4,REQ-4-14,Stage 4 Review S4-02,src/trustc/generator.py,tests/unit/test_generator.py::test_s4_02_spec_version_consistency_cli_and_api,Propagate consistent spec revision through result evidence and report,PASS,specVersion matches across result evidence and report for CLI and API,review-logs/stage-4/cli-build-f2.txt,HEAD
4,REQ-4-15,Stage 4 Review S4-03,src/trustc/templates/fastapi/requirements.txt.jinja,scripts/test_generated_install.py,Exact pinned runtime dependencies and clean isolated venv installation check,PASS,All dependencies pinned with == clean venv install and runtime check pass,review-logs/stage-4/generated-app-install.txt,HEAD
4,REQ-4-16,Stage 4 Review S4-04,src/trustc/manifest.py,tests/unit/test_generator.py::test_s4_04_artifact_manifest_integrity_and_tamper_detection,Artifact manifest trustc-manifest.json with length-prefixed hashing and atomic rollback,PASS,Cryptographic manifest verified tamper detection confirmed atomic rollback verified,review-logs/stage-4/trustc-manifest.json,HEAD
4,REQ-4-17,Stage 4 Review S4-05,src/trustc/templates/fastapi/router.py.jinja,scripts/smoke-generated.py,User lookup 404 before 403 ordering on identity route,PASS,Nonexistent user returns 404 other existing user returns 403 self returns 200,review-logs/stage-4/smoke-generated.txt,HEAD
5,REQ-5-01,stage-5-attack.md §Work 2-3,src/trustc/harness.py,tests/unit/test_harness.py::test_run_attack_harness_secret_redaction,Isolated loopback harness with ephemeral secret and no token/hash leakage,PASS,Run-owned temporary SQLite DB and random test secret with zero credential leaks,review-logs/stage-5/cli-attack-f2.txt,HEAD
5,REQ-5-02,stage-5-attack.md §Work 4-5,src/trustc/harness.py,tests/unit/test_harness.py::test_attack_spec_f2_success,Attack execution against F2 produces exactly 6 as_expected and 0 review/unexpected,PASS,Deterministic actor order anonymous second_user owner verified with 6 as_expected,review-logs/stage-5/cli-attack-f2.txt,HEAD
5,REQ-5-03,stage-5-attack.md §Work 5,src/trustc/harness.py,tests/unit/test_harness.py::test_attack_spec_f3_success_with_review,Attack execution against F3 produces 8 as_expected and 1 review on second_user read,PASS,Waived ownership on Trip permits second_user access by design producing review,review-logs/stage-5/cli-attack-f3.txt,HEAD
5,REQ-5-04,stage-5-attack.md §Work 8,src/trustc/harness.py,tests/unit/test_harness.py::test_mutation_testing_f2_detects_flaw,Test-only AST mutation of owner-check in F2 Trip router detected with exit 1,PASS,Trip owner-check AST statement removed second_user gets 200 instead of 403 User route self-protected,review-logs/stage-5/mutation-f2.txt,HEAD
5,REQ-5-05,stage-5-attack.md §Gates,src/trustc/harness.py,tests/unit/test_harness.py::test_x08_public_owned_get_delete_with_isolated_state,X08 public owned GET and DELETE execute with isolated state per actor,PASS,Database state restored before each actor request allowing DELETE without contamination,review-logs/stage-5/cli-attack-x08.txt,HEAD
5,REQ-5-06,stage-5-attack.md §Work 6,src/trustc/harness.py,tests/unit/test_harness.py::test_x11_zero_eligible_item_endpoints_coverage,X11 collection-only specification produces 0 steps and explicit empty coverage,PASS,Zero item endpoints tested and excluded endpoints reported with rationale,review-logs/stage-5/cli-attack-x11.txt,HEAD
5,REQ-5-07,stage-5-attack.md §Work 1,src/trustc/harness.py,tests/unit/test_harness.py::test_refused_and_syntax_error_specs_never_start_app,Refused (F1) and syntax error (F4) specs never start backend child application,PASS,Pre-run verifier and parser reject before generation or server startup,review-logs/stage-5/cli-attack-f1.txt,HEAD
5,REQ-5-08,stage-5-attack.md §Work 7,src/trustc/harness.py,tests/unit/test_harness.py::test_harness_cancellation_and_cleanup,Cancellation and timeout terminate child process and completely clean temp directory,PASS,Process tree killed temporary working directory removed on all terminal paths,review-logs/stage-5/pytest.txt,HEAD
5,REQ-5-09,Stage 5 Gate,scripts/check-stage.py,python scripts/check-stage.py 5 --linter flake8-isort,Stage 5 cumulative gate runner passes with exit 0 across all gates,PASS,Flake8 isort mypy 214 tests CLI attack F2/F3/F1/F4/X08/X11 mutation and wheel smoke passed,review-logs/stage-5/check-stage-5.log,HEAD
5,S5-01,Stage 5 Review S5-01,src/trustc/harness.py,tests/unit/test_harness.py::test_s5_01_human_summary_matched_totals_rendering,Correct matched-expectation totals display matched = asExpected + review,PASS,Human summary prints 6 matched for F2 9 matched for F3 6 matched for X08,review-logs/stage-5/cli-attack-f3.txt,HEAD
5,S5-02,Stage 5 Review S5-02,src/trustc/contracts.py,tests/unit/test_harness.py::test_step_ids_are_canonical_unprefixed_uuids,Use canonical unprefixed UUID strings for attack stepId and validate schema,PASS,stepId is canonical UUID string model validation rejects non-UUID strings,review-logs/stage-5/attack-f2.json,HEAD
5,S5-03,Stage 5 Review S5-03,src/trustc/harness.py,tests/unit/test_harness.py::test_normal_completion_lifecycle_and_single_final_event,Lifecycle guarantees for normal exit cancellation 130 timeout 124 startup failure 3 cleanup failure 3,PASS,Full lifecycle tests with owned process termination and clean event order,review-logs/stage-5/pytest-harness.txt,HEAD
5,S5-04,Stage 5 Review S5-04,src/trustc/harness.py,tests/unit/test_harness.py::test_f3_attack_harness_counts_and_declarations,Complete structured AttackCompleted JSON response projections persistence and mutation,PASS,Schema-valid JSON for F2 F3 X08 X11 and mutation with persistence checks,review-logs/stage-5/attack-f2.json,HEAD
5,S5-05,Stage 5 Review S5-05,src/trustc/generator.py,tests/unit/test_generator.py,Stage 4 correction closure verification S4-01 through S4-05,PASS,All Stage 4 items verified and evidence documented in stage-5.md,review-logs/stage-5/generated-app-install.txt,HEAD
5,S5-06,Stage 5 Review S5-06,scripts/wheel_smoke_test.py,python scripts/wheel_smoke_test.py --stage 5,Extended wheel smoke installs harness extra runs trustc attack outside repo,PASS,Installed wheel attack F2 passes with 6 as_expected and cleanup verified,review-logs/stage-5/wheel-smoke.log,HEAD
6,REQ-6-01,A-contracts.md,src/trustc/server.py,tests/unit/test_server.py::test_server_meta,GET /api/meta returns schemaVersion 2 sessionId target and 5 rules,PASS,Verified 200 with schemaVersion 2 session ID and 5 rules,review-logs/stage-6/api-meta.json,HEAD
6,REQ-6-02,A-contracts.md,src/trustc/server.py,tests/unit/test_server.py::test_server_examples,GET /api/examples returns F1..F6 with valid specs and review flags,PASS,Verified 6 examples with expectedCheck expectedReview and non-empty spec,review-logs/stage-6/api-examples.json,HEAD
6,REQ-6-03,A-contracts.md,src/trustc/server.py,tests/unit/test_server.py::test_server_rules_catalog,GET /api/rules/{id} returns rule doc or 404 for unknown rules,PASS,Verified TC-001..TC-005 return doc and TC-999 returns 404,review-logs/stage-6/api-rules-tc001.json,HEAD
6,REQ-6-04,A-contracts.md,src/trustc/server.py,tests/unit/test_server.py::test_server_check_valid_and_refused,POST /api/check verifies spec within 5s deadline JSON and SARIF output,PASS,F2 passes F1 refuses SARIF conforms to OASIS 2.1.0,review-logs/stage-6/api-check-f2.json,HEAD
6,REQ-6-05,A-contracts.md,src/trustc/server.py,tests/unit/test_server.py::test_server_build_worker_lifecycle,POST /api/build accepts job with 202 worker generates app in staging publishes build,PASS,Returns 202 RunAccepted background worker publishes artifact terminal state reached,review-logs/stage-6/api-build-f2.json,HEAD
6,REQ-6-06,A-contracts.md,src/trustc/server.py,tests/unit/test_server.py::test_server_sse_streaming_and_replay,GET /api/runs/{runId}/events streams SSE (event: trustc id: <runId>:<seq>) and supports replay,PASS,SSE stream parsed sequence IDs validated Last-Event-ID replay verified,review-logs/stage-6/smoke-server.txt,HEAD
6,REQ-6-07,A-contracts.md,src/trustc/server.py,tests/unit/test_server.py::test_server_build_out_zip,GET /api/builds/{buildId}/out.zip downloads immutable zip with clean relative paths only,PASS,Downloaded zip validated zero backslashes or path traversal contains app and manifest,review-logs/stage-6/pytest-server.txt,HEAD
6,REQ-6-08,A-contracts.md,src/trustc/server.py,tests/unit/test_server.py::test_server_attack_worker_lifecycle_with_build_id,POST /api/attack validates buildId/specHash runs harness returns 6 asExpected,PASS,BuildId and specHash verified live harness executed 6 expected 0 review 0 unexpected,review-logs/stage-6/api-attack-f2.json,HEAD
6,REQ-6-09,A-contracts.md,src/trustc/server.py,tests/unit/test_server.py::test_server_runs_status_and_cancellation,GET and DELETE /api/runs/{runId} status querying and cancellation lifecycle,PASS,Active run cancels with 202 terminal run deletes with 204 unknown returns 404,review-logs/stage-6/pytest-server.txt,HEAD
6,REQ-6-10,A-contracts.md,src/trustc/server.py,tests/unit/test_server.py::test_server_security_middleware,Security middleware enforces loopback Host Origin check size limits structured 404,PASS,Foreign host 403 foreign origin 403 body > 1 MiB 413 spec > 256 KiB 413 /api/* 404 JSON,review-logs/stage-6/pytest-server.txt,HEAD
6,REQ-6-11,A-contracts.md,src/trustc/server.py,tests/unit/test_server.py::test_server_worker_busy_lock_409,Atomic worker lock ensures only one build or attack job runs concurrently (409 SERVER_BUSY),PASS,Acquiring worker lock causes subsequent build or attack to return 409 SERVER_BUSY,review-logs/stage-6/pytest-server.txt,HEAD
6,REQ-6-12,Stage 6 Gate,scripts/check-stage.py,python scripts/check-stage.py 6 --linter flake8-isort,Stage 6 cumulative gate runner passes with all gates and smoke tests,PASS,Flake8 isort 249 pytest tests CLI gates S4 smoke S5 attack S6 server smoke wheel smoke passed,review-logs/stage-6/check-stage-6.log,HEAD
6,S6-01,Stage 6 Review S6-01,src/trustc/harness.py;src/trustc/server.py,python -m mypy src/ tests/,Mypy type checking passes with 0 errors across 31 source files without type ignores,PASS,Exit 0 with 0 errors across 31 source files verified without blanket ignores,review-logs/stage-6/mypy.txt,HEAD
6,S6-02,Stage 6 Review S6-02,src/trustc/templates/fastapi/auth.py.jinja,tests/unit/test_generator.py::test_s6_02_jwt_secret_byte_validation_and_whitespace_rejection,Generated JWT key validation rejects surrounding whitespace and verifies exact UTF-8 bytes >= 32,PASS,Whitespace-padded and short keys rejected at startup valid 32-byte key assigned unchanged,review-logs/stage-6/pytest.txt,HEAD
6,S6-03,Stage 6 Review S6-03,src/trustc/harness.py,tests/unit/test_harness.py::test_s6_03_exact_response_projections_f2,Live access harness asserts exact response projections with explicit expected/actual/passed checks,PASS,Full resource narrow projection and empty response checks verified on all endpoints,review-logs/stage-6/api-attack-f2.json,HEAD
6,S6-04,Stage 6 Review S6-04,src/trustc/server.py;src/trustc/cli.py,tests/unit/test_server.py,Server host bind restricted to loopback active cancellation 202 and traversal rejection,PASS,Non-loopback bind rejected 202 active cancellation zip traversal refused session restart verified,review-logs/stage-6/pytest-server.txt,HEAD
6,S6-05,Stage 6 Review S6-05,scripts/wheel_smoke_test.py,python scripts/wheel_smoke_test.py --stage 6,Wheel smoke starts installed server outside repository and validates meta/check/build/download,PASS,Live server started outside repo sessionId verified check build and out.zip verified,review-logs/stage-6/wheel-smoke.log,HEAD
7,REQ-7-01,stage-7-ui.md;D-ui-design-addendum.md,ui/src/tokens.ts;ui/src/index.css,ui/src/components/a11y.test.tsx,Product tokens (#0C111B..#FF8795) high contrast dark ink on teal local font fallbacks,PASS,All tokens implemented local font fallbacks verified zero axe violations,review-logs/stage-7/ui-tests.log,HEAD
7,REQ-7-02,stage-7-ui.md;D-ui-design-addendum.md,ui/src/components/EditorPane.tsx,ui/src/state/workbenchStore.test.ts,CodeMirror 6 editor with diff preview atomic apply fix base hash check and undo,PASS,Unified diff applied undo stack supported stale patch refused on hash mismatch,review-logs/stage-7/ui-tests.log,HEAD
7,REQ-7-03,stage-7-ui.md;D-ui-design-addendum.md,ui/src/components/DiagnosticsTab.tsx,ui/src/components/components.test.tsx,Diagnostics lead with actionable issues expandable details and rule checklist,PASS,Actionable issue headlines TC-001..TC-005 rules checklist inspected,review-logs/stage-7/ui-tests.log,HEAD
7,REQ-7-04,stage-7-ui.md;D-ui-design-addendum.md,ui/src/components/CodeTab.tsx,ui/src/components/components.test.tsx,Generated code viewer with file tree out.zip download and provenance inspector,PASS,File tree viewer forced lines highlighted spec span jump verified out.zip link active,review-logs/stage-7/ui-tests.log,HEAD
7,REQ-7-05,stage-7-ui.md;D-ui-design-addendum.md,ui/src/components/TestsTab.tsx,ui/src/components/components.test.tsx,Access tests concrete outcome headline actor rows and derived matched counts,PASS,Concrete headline 6 matched expectations 0 policy reviews 0 failed logs drawer verified,review-logs/stage-7/ui-tests.log,HEAD
7,REQ-7-06,stage-7-ui.md;D-ui-design-addendum.md,ui/src/components/EvidenceTab.tsx,ui/src/components/components.test.tsx,Build evidence summary endpoint policies runtime observations and JSON report export,PASS,Policies and runtime observations rendered disclaimer verified JSON download active,review-logs/stage-7/ui-tests.log,HEAD
7,REQ-7-07,stage-7-ui.md;D-ui-design-addendum.md,ui/src/components/Footer.tsx,ui/src/components/components.test.tsx,Footer status exact equivalent CLI command copy button and spec.trust notice,PASS,CLI command copy button duration and exit code displayed notice verified,review-logs/stage-7/ui-tests.log,HEAD
7,REQ-7-08,stage-7-ui.md,ui/package.json,npm run typecheck; npm run build; npm test,Production Vite bundle build TypeScript validation and 16 unit/a11y tests,PASS,Typecheck exit 0 vite build dist/ created vitest 16 passed 0 violations,review-logs/stage-7/ui-dist-manifest.json,HEAD
7,REQ-7-09,stage-7-ui.md,scripts/smoke-ui-server.py,python scripts/smoke-ui-server.py,FastAPI static serving of UI dist SPA routing fallback and API isolation,PASS,All 8 smoke assertions passed: root index.html bundle fallback and API 404 JSON,review-logs/stage-7/ui-server-smoke.log,HEAD
7,REQ-7-10,stage-7-ui.md,scripts/check-stage.py,python scripts/check-stage.py 7 --linter flake8-isort,Stage 7 cumulative gate runner passes with all 31 gates,PASS,All 31 gate steps passed: linter mypy pytest 237 tests CLI S4 S5 S6 UI lint/typecheck/build/unit/smoke/browser_e2e wheel smoke,review-logs/stage-7/check-stage-7.log,HEAD
7,S7-01,Stage 7 Review S7-01,ui/e2e/workbench.spec.ts,python scripts/run-browser-tests.py,Real Chromium browser E2E test suite covering ready F1-F2 F3 F4 stale toggle responsive,PASS,7 E2E workflow tests executed in real Chromium with exit 0 and all screenshots saved,review-logs/stage-7/ui-browser-e2e.log,HEAD
7,S7-02,Stage 7 Review S7-02,ui/e2e/a11y.spec.ts,python scripts/run-browser-tests.py,Real Chromium browser rendered Axe accessibility scan across all primary UI states,PASS,7 axe tests in real Chromium with 0 violations (no canvas stubs or skipped checks),review-logs/stage-7/ui-browser-e2e.log,HEAD
7,S7-03,Stage 7 Review S7-03,ui/src/main.tsx;ui/dist/assets/,npm.cmd --prefix ui run build,Local offline typography bundling IBM Plex Sans and Mono without external CDN calls,PASS,woff and woff2 font files emitted into dist/assets zero external network requests,review-logs/stage-7/ui-dist-manifest.json,HEAD
7,S7-04,Stage 7 Review S7-04,ui/eslint.config.js;ui/vite.config.ts,npm.cmd --prefix ui run lint; npm.cmd --prefix ui run build,Frontend linting with ESLint and Vite chunk-splitting under 500 kB per bundle,PASS,ESLint exit 0 index.js 92kB vendor.js 141kB codemirror.js 397kB zero chunk size warnings,review-logs/stage-7/ui-lint.log,HEAD
8,REQ-8-01,stage-8-demo-proofing.md §Work 1,scripts/release-check.py,python scripts/release-check.py,Full 8-step release validation suite in clean environment,PASS,All 8 release steps passed: clean venv standalone app cumulative gates offline drills secrets timing,review-logs/stage-8/release-check.log,HEAD
8,REQ-8-02,stage-8-demo-proofing.md §Work 2,README.md,cat README.md,Root README with scope architecture CLI UI syntax 5 rules seeder demo limits,PASS,Comprehensive README authored and verified,README.md,HEAD
8,REQ-8-03,stage-8-demo-proofing.md §Work 3,scripts/reset-workbench.py,python scripts/reset-workbench.py,Scoped reset tracking project PID/port 8787 and UI storage reset guidance,PASS,Project server processes stopped temp caches cleared browser storage guidance emitted,review-logs/stage-8/release-check.log,HEAD
8,REQ-8-04,stage-8-demo-proofing.md §Work 4-5,docs/DEMO-SCRIPT.md,cat docs/DEMO-SCRIPT.md,3-minute cue cards Q&A sheet and measured rehearsal duration,PASS,6.662s total backend execution leaving 165+ seconds speaking runway,docs/DEMO-SCRIPT.md,HEAD
8,REQ-8-05,04-FINAL-REVIEW-HANDOFF.md,scripts/package-release.py,python scripts/package-release.py,Self-contained review archive TrustC-final-review.zip and FINAL-REVIEW.md,PASS,359 files packaged (2.28 MB) SHA-256 c79a6a321eb26803db1bc27d01b94d8048371bbb173ee065ac1e58e8b4a15fc0,FINAL-REVIEW.md,HEAD
8,REQ-8-06,Stage 8 Gate,scripts/check-stage.py,python scripts/check-stage.py 8 --linter flake8-isort,Stage 8 cumulative gate runner passes with all 31 gates,PASS,All 31 gate steps passed: linter mypy pytest 237 tests CLI S4 S5 S6 S7 S8 release-check wheel smoke,review-logs/stage-8/check-stage-8.log,HEAD

